{
    "loss": 19.038619995117188,
    "accuracy": 0.44117647409439087
}